{
    "accuracy": [
        0.482689556509299,
        0.7204577968526467,
        0.8108726752503577,
        0.8695278969957082,
        0.894134477825465,
        0.9047210300429185,
        0.9290414878397711,
        0.9359084406294707,
        0.9439198855507869,
        0.9565092989985694,
        0.9562231759656652,
        0.965379113018598,
        0.9608011444921316,
        0.9733905579399141,
        0.9725321888412017,
        0.9779685264663805,
        0.9765379113018599,
        0.9796852646638055,
        0.9796852646638055,
        0.984549356223176,
        0.9822603719599428,
        0.9776824034334763,
        0.9811158798283262,
        0.9859799713876967,
        0.9919885550786839,
        0.986552217453505,
        0.9905579399141631,
        0.9911301859799714,
        0.9917024320457797,
        0.9911301859799714,
        0.9931330472103004,
        0.9945636623748212,
        0.9945636623748212,
        0.9937052932761087,
        0.9945636623748212,
        0.9951359084406295,
        0.994277539341917,
        0.9937052932761087,
        0.9939914163090129,
        0.9982832618025751,
        0.9957081545064378,
        0.9985693848354793,
        0.9959942775393419,
        0.9968526466380544,
        0.9948497854077253
    ],
    "val_accuracy": [
        0.30778032036613273,
        0.5675057208237986,
        0.4496567505720824,
        0.6887871853546911,
        0.8501144164759725,
        0.8432494279176201,
        0.8890160183066361,
        0.8432494279176201,
        0.8501144164759725,
        0.9130434782608695,
        0.8226544622425629,
        0.9530892448512586,
        0.5869565217391305,
        0.8466819221967964,
        0.9736842105263158,
        0.9553775743707094,
        0.8283752860411899,
        0.9691075514874142,
        0.9782608695652174,
        0.6887871853546911,
        0.9805491990846682,
        0.9874141876430206,
        0.9805491990846682,
        0.9519450800915332,
        0.9862700228832952,
        0.9588100686498856,
        0.9839816933638444,
        0.9874141876430206,
        0.9874141876430206,
        0.9462242562929062,
        0.9782608695652174,
        0.9851258581235698,
        0.988558352402746,
        0.9851258581235698,
        0.9862700228832952,
        0.9908466819221968,
        0.9874141876430206,
        0.9862700228832952,
        0.9897025171624714,
        0.9908466819221968,
        0.9908466819221968,
        0.9897025171624714,
        0.9908466819221968,
        0.9919908466819222,
        0.9908466819221968
    ],
    "loss": [
        1.5948206085333325,
        0.9774161952759575,
        0.7019591306923797,
        0.5423498735919019,
        0.4693770752444288,
        0.42654782369924715,
        0.38158984600389123,
        0.34799044828046544,
        0.3245401597841615,
        0.30241224648955894,
        0.29175133491960886,
        0.2610716881158526,
        0.2755438810765999,
        0.24689936197878465,
        0.2424405749690038,
        0.22988955873106,
        0.2291065024033466,
        0.2219643415043794,
        0.21664718637650618,
        0.20461054066134796,
        0.21501944288078467,
        0.2099178698867858,
        0.20746102288727766,
        0.19987738312399267,
        0.1813302954549612,
        0.19316959283894225,
        0.18079938047348346,
        0.17720398609559765,
        0.17577774652595685,
        0.17290643740535977,
        0.16815476649053107,
        0.16835548575855633,
        0.16746682834215942,
        0.16811024089569016,
        0.16467951117496463,
        0.16332109243914122,
        0.16387761110741011,
        0.1663777125495698,
        0.16258346331818763,
        0.15410413823073174,
        0.16034664209393815,
        0.15464848979177734,
        0.15609901840765247,
        0.15673442008839827,
        0.158923236405389
    ],
    "val_loss": [
        1.827031179751084,
        1.2476424349800128,
        1.3185046594803065,
        0.8967072731842983,
        0.5588853618373042,
        0.5799433628536198,
        0.5164520860536693,
        0.5088235124161369,
        0.4761102897215217,
        0.4467584455313344,
        0.6260856792364841,
        0.3223573331906539,
        1.2926872714978879,
        0.6017774420553814,
        0.23260835075678488,
        0.32156277480332746,
        0.6774733799682329,
        0.22250172004819735,
        0.2618970914959089,
        0.804988690180964,
        0.21632457955887444,
        0.20515417114957246,
        0.21300390154737084,
        0.3077018880871395,
        0.2058368096089745,
        0.24958125268294554,
        0.20018694500355752,
        0.18664490150232338,
        0.18433079290580967,
        0.3085365561380539,
        0.19318213772446394,
        0.18681940937615096,
        0.17910999080136383,
        0.17695308870527238,
        0.18133866653971595,
        0.17751398314327616,
        0.18193030176637376,
        0.17729122660525604,
        0.17477880015935177,
        0.17265064639275898,
        0.16908771665745523,
        0.17585795920009745,
        0.17044404848080205,
        0.1728253819781528,
        0.17589070073390717
    ]
}