{
    "accuracy": [
        0.8181818181818182,
        0.8534599728629579,
        0.8649932157394844,
        0.8677069199457259,
        0.8331071913161465,
        0.8351424694708277
    ],
    "val_accuracy": [
        0.8238482384823849,
        0.7913279132791328,
        0.4146341463414634,
        0.8157181571815718,
        0.7560975609756098,
        0.6422764227642277
    ],
    "loss": [
        0.48863866678571766,
        0.4174679824867598,
        0.4212794237576799,
        0.385304024455667,
        0.4942718360931935,
        0.4788182910779438
    ],
    "val_loss": [
        0.45632296727924815,
        0.6747910323827894,
        2.013800962184503,
        0.9187485724687576,
        1.1755893369354207,
        1.8927629174901863
    ]
}