{
    "accuracy": [
        0.5712347354138398,
        0.6865671641791045,
        0.7578018995929444,
        0.7360922659430122,
        0.7991858887381276,
        0.8073270013568521,
        0.835820895522388,
        0.7862957937584804,
        0.7971506105834464,
        0.8480325644504749,
        0.8738127544097694,
        0.8697421981004071,
        0.8880597014925373,
        0.8995929443690638,
        0.8554952510176391,
        0.8914518317503393,
        0.8894165535956581,
        0.8962008141112618,
        0.9097693351424695,
        0.9029850746268657,
        0.9226594301221167,
        0.9219810040705563,
        0.912483039348711,
        0.9260515603799185,
        0.8941655359565808,
        0.9138398914518318,
        0.923337856173677,
        0.9348710990502035,
        0.9185888738127544,
        0.9335142469470827
    ],
    "val_accuracy": [
        0.3143631436314363,
        0.6747967479674797,
        0.7777777777777778,
        0.7208672086720868,
        0.8401084010840109,
        0.8021680216802168,
        0.27100271002710025,
        0.6314363143631436,
        0.8590785907859079,
        0.8699186991869918,
        0.6422764227642277,
        0.9024390243902439,
        0.8238482384823849,
        0.7479674796747967,
        0.9376693766937669,
        0.9322493224932249,
        0.926829268292683,
        0.8672086720867209,
        0.948509485094851,
        0.8563685636856369,
        0.9214092140921409,
        0.943089430894309,
        0.8997289972899729,
        0.8726287262872628,
        0.9539295392953929,
        0.8455284552845529,
        0.7533875338753387,
        0.94579945799458,
        0.9566395663956639,
        0.9051490514905149
    ],
    "loss": [
        1.3543527587297974,
        0.8672359337476733,
        0.6880099640772495,
        0.7167060656253162,
        0.5716610779755799,
        0.532691557986442,
        0.45925366312386706,
        0.6316797859471397,
        0.6366059068423598,
        0.449043535535177,
        0.374940005862729,
        0.41479973879161325,
        0.32584881928106174,
        0.30440181453321813,
        0.414774438722648,
        0.30922367347952795,
        0.34211510589682426,
        0.30445358452350507,
        0.256412156482241,
        0.32782721899581246,
        0.22227274178523504,
        0.21040427929935332,
        0.2372725250924782,
        0.23546480550209573,
        0.32074634732837753,
        0.26655323165525735,
        0.20009060679167873,
        0.18120264618820542,
        0.20738879529559628,
        0.17190984659796654
    ],
    "val_loss": [
        2.623406069065497,
        1.8064508673944448,
        1.0821387837249734,
        0.730235780157694,
        0.3974461591017602,
        0.4616966664710342,
        3.8197039265619708,
        7.378935134184716,
        0.4128682392581207,
        0.339961611118097,
        5.707287577755729,
        0.2187779973435208,
        0.48875633100183996,
        1.1291312092364965,
        0.2216445940337207,
        0.22719895193570352,
        0.17793061325785914,
        0.3826245743084729,
        0.16124251022490704,
        0.5017624360112963,
        0.26154521295452504,
        0.14755030496798072,
        0.3654429247466529,
        0.3358034535152156,
        0.13865353962593285,
        0.48616994105703465,
        0.6470628540690352,
        0.11649179834175885,
        0.10506360658865957,
        0.2829298346194875
    ]
}