{
    "accuracy": [
        0.5160560832202623,
        0.8104929895974672,
        0.8616010854816825,
        0.9000452284034374,
        0.9479873360470376,
        0.9538670284938942,
        0.9638172772501131,
        0.9692446856625961,
        0.9710538218000905,
        0.9742198100407056,
        0.9769335142469471,
        0.9828132066938037,
        0.9819086386250565,
        0.9828132066938037,
        0.9828132066938037,
        0.9859791949344188,
        0.9895974672094076,
        0.9905020352781547,
        0.9905020352781547,
        0.9923111714156491,
        0.9936680235187698,
        0.9936680235187698,
        0.9968340117593849,
        0.994572591587517,
        0.9972862957937585,
        0.9963817277250113,
        0.9963817277250113,
        0.9977385798281321,
        0.9968340117593849,
        0.9968340117593849
    ],
    "val_accuracy": [
        0.6763110307414105,
        0.6184448462929476,
        0.5189873417721519,
        0.7631103074141049,
        0.8462929475587704,
        0.5515370705244123,
        0.9602169981916817,
        0.8300180831826401,
        0.9656419529837251,
        0.945750452079566,
        0.972875226039783,
        0.9746835443037974,
        0.3743218806509946,
        0.972875226039783,
        0.9819168173598554,
        0.9421338155515371,
        0.9746835443037974,
        0.9258589511754068,
        0.9547920433996383,
        0.9819168173598554,
        0.9493670886075949,
        0.9801084990958409,
        0.976491862567812,
        0.8661844484629295,
        0.8571428571428571,
        0.9855334538878843,
        0.9873417721518988,
        0.9855334538878843,
        0.9873417721518988,
        0.9927667269439421
    ],
    "loss": [
        1.7583156848374344,
        1.1576682446715736,
        0.9614039412562743,
        0.8608622468472175,
        0.7327120320821768,
        0.6782172283183822,
        0.6535344385065573,
        0.6289051689210924,
        0.6158984251984209,
        0.5895186249134714,
        0.5864645211958659,
        0.5674288358584835,
        0.5666407956520608,
        0.5534889835245951,
        0.5539005101401037,
        0.5391972752676351,
        0.5299311835320488,
        0.5302087507976875,
        0.5201223112511344,
        0.5146792154946191,
        0.5097741292429855,
        0.5030936731142677,
        0.4947141808171663,
        0.50107766901514,
        0.495626030761912,
        0.49418887535084,
        0.49420622879431186,
        0.49072030851173487,
        0.4872526637519015,
        0.4924446286685
    ],
    "val_loss": [
        1.422216961224299,
        1.152575795732398,
        1.2822017995185921,
        0.9045588988507635,
        0.7228325033058525,
        1.4584355425446633,
        0.6976500746354488,
        0.7826456148413163,
        0.6048494270222958,
        0.6725166424920287,
        0.5910197968508839,
        0.5874558995472803,
        2.3504713314566863,
        0.573210753810341,
        0.5371144413948059,
        0.6662971988508973,
        0.5523817846938887,
        0.6460231550132172,
        0.6553581188858957,
        0.5460294793354883,
        0.6313320238810121,
        0.5362807599588502,
        0.5569373053409308,
        0.7692334720928888,
        0.6441909503764313,
        0.5273695854338771,
        0.5138458179522164,
        0.5233753592476491,
        0.5006531323382049,
        0.4959445840411333
    ]
}