{
    "accuracy": [
        0.4963908939478068,
        0.6568573014991671,
        0.714047751249306,
        0.7823431426985008,
        0.8106607440310938,
        0.8362021099389229,
        0.861188228761799,
        0.8739589117157135,
        0.8989450305385897,
        0.9028317601332593,
        0.9050527484730705,
        0.9211549139367018,
        0.9122709605774569,
        0.9167129372570794,
        0.9222654081066074,
        0.9161576901721266,
        0.9061632426429761,
        0.9294836202109938,
        0.937812326485286,
        0.9094947251526929,
        0.9255968906163242,
        0.94058856191005,
        0.9333703498056635,
        0.9416990560799556,
        0.9333703498056635,
        0.9489172681843421,
        0.9450305385896725,
        0.9389228206551916,
        0.9300388672959466,
        0.9528039977790117
    ],
    "val_accuracy": [
        0.6097560975609756,
        0.6964769647696477,
        0.7859078590785907,
        0.7127371273712737,
        0.7913279132791328,
        0.3983739837398374,
        0.9105691056910569,
        0.9024390243902439,
        0.8834688346883469,
        0.9512195121951219,
        0.8211382113821138,
        0.9132791327913279,
        0.9105691056910569,
        0.8401084010840109,
        0.9186991869918699,
        0.9539295392953929,
        0.94579945799458,
        0.9539295392953929,
        0.943089430894309,
        0.9349593495934959,
        0.9566395663956639,
        0.943089430894309,
        0.9512195121951219,
        0.9566395663956639,
        0.9349593495934959,
        0.962059620596206,
        0.9539295392953929,
        0.940379403794038,
        0.9566395663956639,
        0.962059620596206
    ],
    "loss": [
        1.4132066726816952,
        0.9859202479171064,
        0.7896406081634916,
        0.6104643209850305,
        0.5456169576594593,
        0.4909414310775685,
        0.4290302497919634,
        0.38181753771825344,
        0.325914997183436,
        0.30746125246603445,
        0.3100789639931265,
        0.24713547978713604,
        0.2707538723548474,
        0.2613238289431027,
        0.22278271995273846,
        0.2577595518139718,
        0.291660522186776,
        0.22483248998726957,
        0.19139710146476666,
        0.2977960729089331,
        0.21630471308965407,
        0.18295780697145572,
        0.180612921081835,
        0.17712057904360495,
        0.1946701031635365,
        0.16230795408357587,
        0.1753447074225914,
        0.22463287273292604,
        0.21500660937749003,
        0.16048058660608872
    ],
    "val_loss": [
        3.2345520739309834,
        2.135042147584724,
        0.5542212896715335,
        1.3779942537064798,
        0.43797753399949735,
        2.564959147435217,
        0.23716171796567395,
        0.3034487749502911,
        0.29032116552920845,
        0.17652713250732277,
        0.5871177790610771,
        0.3413647113892888,
        0.3436672121487043,
        0.7483479160926529,
        0.2618837312550403,
        0.2386374877952544,
        0.1476267034687647,
        0.14286121478692948,
        0.1404959937673678,
        0.17883869907175137,
        0.11110298160392902,
        0.14363915781644462,
        0.11725962838425545,
        0.10000019627534923,
        0.1517850412081089,
        0.0977332129882684,
        0.12146434911746319,
        0.21945157139700885,
        0.10406952060577346,
        0.10289826910175524
    ]
}