{
    "accuracy": [
        0.49313061000183184,
        0.7248580326067046,
        0.847591133907309,
        0.8792819197655248,
        0.9023630701593699,
        0.9161018501557062,
        0.9294742626854735,
        0.9411980216156806,
        0.941747572815534,
        0.9505403920131892,
        0.9529217805458875,
        0.96446235574281,
        0.9633632533431031,
        0.9705074189411981,
        0.9738047261403188,
        0.9690419490749221,
        0.9719728888074739,
        0.9732551749404653,
        0.9736215424070342,
        0.9761861146730171,
        0.9791170544055687,
        0.9761861146730171,
        0.9780179520058618,
        0.981498442938267,
        0.9803993405385601,
        0.9857116688038102,
        0.9857116688038102
    ],
    "val_accuracy": [
        0.5619047619047619,
        0.693040293040293,
        0.8219780219780219,
        0.7882783882783883,
        0.6285714285714286,
        0.8212454212454212,
        0.9347985347985348,
        0.8871794871794871,
        0.9457875457875458,
        0.8373626373626374,
        0.9677655677655678,
        0.967032967032967,
        0.9523809523809523,
        0.7985347985347986,
        0.9809523809523809,
        0.9787545787545787,
        0.9838827838827838,
        0.9750915750915751,
        0.9816849816849816,
        0.9794871794871794,
        0.9663003663003663,
        0.9897435897435898,
        0.9531135531135531,
        0.9824175824175824,
        0.9809523809523809,
        0.978021978021978,
        0.9875457875457876
    ],
    "loss": [
        1.4899847382568008,
        0.9309084130132738,
        0.6143907904734125,
        0.523495243132431,
        0.44298861959867586,
        0.4134784508022246,
        0.37258879091630903,
        0.34114140050492897,
        0.3406796426230635,
        0.31238252623851187,
        0.30691243261835865,
        0.2704620425802466,
        0.2704585035612872,
        0.25689611691359876,
        0.24320944840708458,
        0.24766576758538614,
        0.23654904558143677,
        0.23348613149420117,
        0.23814170782896685,
        0.229873942660639,
        0.21589629290402645,
        0.22461559886754617,
        0.21618833106654667,
        0.20996797239852488,
        0.21321251925083062,
        0.19252555427435095,
        0.19148307470398349
    ],
    "val_loss": [
        1.3721856729451554,
        1.0872621104830786,
        0.6890042929422288,
        0.7480461011876117,
        1.1342621391072816,
        0.6411830009121597,
        0.39501864945058857,
        0.5057899054590163,
        0.2726516966418032,
        0.5943838423861689,
        0.2278490410182939,
        0.24607354806456375,
        0.3061393234319303,
        0.7557033370702695,
        0.2057785539290844,
        0.20730020490103152,
        0.2006329657393934,
        0.23611392769621406,
        0.19415142075482741,
        0.2234306745040111,
        0.2326555370847821,
        0.1716448983211657,
        0.2451753643624512,
        0.1907343484106518,
        0.19452937184235988,
        0.21587896248796484,
        0.1780080115838802
    ]
}