{
  "accuracy": 0.8424908424908425,
  "balanced_accuracy": 0.6475812014416202,
  "macro_f1": 0.630271201019807,
  "weighted_f1": 0.8878298709009547,
  "uncertain_rate": 0.013186813186813187
}