{
  "accuracy": 0.34958217270194986,
  "balanced_accuracy": 0.3446281560106986,
  "macro_f1": 0.30118078384613267,
  "weighted_f1": 0.4531902692751482,
  "uncertain_rate": 0.6518105849582173
}