{
  "accuracy": 0.3022284122562674,
  "balanced_accuracy": 0.2904764271827501,
  "macro_f1": 0.23936540860392036,
  "weighted_f1": 0.4043426190296293,
  "uncertain_rate": 0.6991643454038997
}