{
  "accuracy": 0.8432234432234432,
  "balanced_accuracy": 0.6486057916055548,
  "macro_f1": 0.6307437690234954,
  "weighted_f1": 0.8882100025258995,
  "uncertain_rate": 0.012454212454212455
}