{
  "accuracy": 0.6727019498607242,
  "balanced_accuracy": 0.6325210105322917,
  "macro_f1": 0.5637909450990345,
  "weighted_f1": 0.720040628171462,
  "uncertain_rate": 0.09749303621169916
}