{
  "accuracy": 0.34401114206128136,
  "balanced_accuracy": 0.3896112459570872,
  "macro_f1": 0.3419333867368498,
  "weighted_f1": 0.44912443067278723,
  "uncertain_rate": 0.6601671309192201
}