{
  "accuracy": 0.46518105849582175,
  "balanced_accuracy": 0.42882459707497333,
  "macro_f1": 0.3031473894033778,
  "weighted_f1": 0.5128886405563865,
  "uncertain_rate": 0.3370473537604457
}