{
  "accuracy": 0.30218068535825543,
  "balanced_accuracy": 0.4241053046444911,
  "macro_f1": 0.3836727248710583,
  "weighted_f1": 0.42358402161101866,
  "uncertain_rate": 0.7046728971962617
}