{
  "accuracy": 0.8417582417582418,
  "balanced_accuracy": 0.6459145347749536,
  "macro_f1": 0.6282361989848051,
  "weighted_f1": 0.8868235512133164,
  "uncertain_rate": 0.01391941391941392
}